method,time,rms_w2,standard_error,mean_runtime_seconds
B=1,0.0,4.730922311834623,0.004067027968114956,0.03520120416667775
B=1,0.07200000000000001,4.452097415474372,0.005023519418497637,0.03520120416667775
B=1,0.148,4.215181865380482,0.004996521955119888,0.03520120416667775
B=1,0.224,4.026926607225959,0.006933174300212525,0.03520120416667775
B=1,0.3,3.871189562631248,0.007515334473105783,0.03520120416667775
B=1,0.372,3.7370454206792356,0.010623489404673178,0.03520120416667775
B=1,0.448,3.617793755983637,0.011313757017336985,0.03520120416667775
B=1,0.524,3.5102098683096044,0.012044608873305336,0.03520120416667775
B=1,0.6,3.4136760625728915,0.01199796951087822,0.03520120416667775
B=1,0.672,3.331421942222557,0.012660756616676606,0.03520120416667775
B=1,0.748,3.2512224320729537,0.011130113876808966,0.03520120416667775
B=1,0.8240000000000001,3.163889989390293,0.013358487981450846,0.03520120416667775
B=1,0.9,3.1016902095119976,0.013185861290750955,0.03520120416667775
B=1,0.972,3.0337347634981513,0.013474251722747384,0.03520120416667775
B=1,1.048,2.9599118555372246,0.01410838191271661,0.03520120416667775
B=1,1.124,2.898956777179437,0.013083163069771185,0.03520120416667775
B=1,1.2,2.838736145009115,0.011161963254662175,0.03520120416667775
B=1,1.272,2.795588589122686,0.011971806449212304,0.03520120416667775
B=1,1.348,2.7314113420552077,0.012395220120263227,0.03520120416667775
B=1,1.424,2.6646536916793226,0.013014280238154305,0.03520120416667775
B=1,1.5,2.612606757964798,0.015003875530322824,0.03520120416667775
B=1,1.572,2.5684545116861828,0.015674715991663653,0.03520120416667775
B=1,1.6480000000000001,2.5097666789265554,0.017080701392450506,0.03520120416667775
B=1,1.724,2.447904839422295,0.018315522020783955,0.03520120416667775
B=1,1.8,2.3984627904516174,0.017357431739857605,0.03520120416667775
B=1,1.872,2.3529362787977246,0.019357768572571786,0.03520120416667775
B=1,1.948,2.3112376042946607,0.020117301307689725,0.03520120416667775
B=1,2.024,2.262462286776337,0.019468346363419105,0.03520120416667775
B=1,2.1,2.2110633815608662,0.018340060824199332,0.03520120416667775
B=1,2.172,2.1696875683780195,0.016585582880309275,0.03520120416667775
B=1,2.248,2.1300539914104317,0.01714715983369533,0.03520120416667775
B=1,2.324,2.0886274862877485,0.016383098338864525,0.03520120416667775
B=1,2.4,2.0515406390610194,0.015057305844907371,0.03520120416667775
B=1,2.472,2.0092822306536644,0.013993029190752636,0.03520120416667775
B=1,2.548,1.9771606854402022,0.010987830954638652,0.03520120416667775
B=1,2.624,1.9363645648340833,0.012384224536970126,0.03520120416667775
B=1,2.7,1.8993421708855853,0.010118354650568302,0.03520120416667775
B=1,2.7720000000000002,1.857932588611154,0.009724046108429077,0.03520120416667775
B=1,2.848,1.8221517169436834,0.012642536156454557,0.03520120416667775
B=1,2.924,1.7820243329755476,0.012917871918856658,0.03520120416667775
B=1,3.0,1.7546030449787464,0.013473456987080891,0.03520120416667775
B=1,3.072,1.7168909340253216,0.013962500958148393,0.03520120416667775
B=1,3.148,1.6823811672761253,0.01586576097227895,0.03520120416667775
B=1,3.224,1.652045469455107,0.015280718329375977,0.03520120416667775
B=1,3.3000000000000003,1.626454682003161,0.017575396731384557,0.03520120416667775
B=1,3.372,1.5964487611810214,0.018523509433719568,0.03520120416667775
B=1,3.448,1.5651971483682647,0.01926108367941776,0.03520120416667775
B=1,3.524,1.5312900537201133,0.018959667369152406,0.03520120416667775
B=1,3.6,1.4944996174660061,0.01745612341759309,0.03520120416667775
B=1,3.672,1.4619480415017088,0.018318111195434243,0.03520120416667775
B=1,3.748,1.4357869469031515,0.01925588367108162,0.03520120416667775
B=1,3.8240000000000003,1.4152815365946443,0.022470970270716033,0.03520120416667775
B=1,3.9,1.3835831580307667,0.022810047034641148,0.03520120416667775
B=1,3.972,1.3577252942520746,0.020376241320390173,0.03520120416667775
B=1,4.048,1.3318634585162767,0.023966731157558957,0.03520120416667775
B=1,4.124,1.3035660446914903,0.026850965968576744,0.03520120416667775
B=1,4.2,1.2871593646767956,0.02602696972054412,0.03520120416667775
B=1,4.272,1.2645391931985017,0.02780343026286152,0.03520120416667775
B=1,4.348,1.24168086871934,0.028380553284462,0.03520120416667775
B=1,4.424,1.2133964344152728,0.03108736907149485,0.03520120416667775
B=1,4.5,1.1823309871818188,0.030604140228845552,0.03520120416667775
B=1,4.572,1.1690464187575629,0.03181013097605096,0.03520120416667775
B=1,4.648,1.1469012057466286,0.03116790330400613,0.03520120416667775
B=1,4.724,1.1300632579546905,0.0325261449599014,0.03520120416667775
B=1,4.8,1.1205277795484323,0.032422991554931,0.03520120416667775
B=1,4.872,1.0958547049136882,0.03270283283440892,0.03520120416667775
B=1,4.948,1.0707290437140653,0.030973710250672786,0.03520120416667775
B=1,5.024,1.0544346974834455,0.03005700385456887,0.03520120416667775
B=1,5.1000000000000005,1.0401625081496082,0.02898556578730045,0.03520120416667775
B=1,5.172,1.0178731706818895,0.02878015516144501,0.03520120416667775
B=1,5.248,1.003776623471294,0.028235054227505784,0.03520120416667775
B=1,5.324,0.9989789626060761,0.027810992091074134,0.03520120416667775
B=1,5.4,0.982955419414792,0.028447354579993235,0.03520120416667775
B=1,5.472,0.9636427097465781,0.027846828390919443,0.03520120416667775
B=1,5.548,0.9435961098643404,0.028168733052258168,0.03520120416667775
B=1,5.6240000000000006,0.9246599125451251,0.02796922251348092,0.03520120416667775
B=1,5.7,0.9064756781367841,0.027562108089339312,0.03520120416667775
B=1,5.772,0.8932626180644219,0.02763840773386027,0.03520120416667775
B=1,5.848,0.8736629277189282,0.02852351597813887,0.03520120416667775
B=1,5.924,0.8526588258300336,0.029011968572369453,0.03520120416667775
B=1,6.0,0.8318213957487757,0.028722953059385298,0.03520120416667775
B=4,0.0,4.73233060030666,0.006675183277513731,0.03480768000000959
B=4,0.07200000000000001,4.447532170816783,0.008094082964999758,0.03480768000000959
B=4,0.148,4.2088942897801305,0.008136109841024142,0.03480768000000959
B=4,0.224,4.0139116055853545,0.006529966303961054,0.03480768000000959
B=4,0.3,3.8575793504341016,0.008625891967389183,0.03480768000000959
B=4,0.372,3.7309906270765434,0.00963106341465775,0.03480768000000959
B=4,0.448,3.6069184235724263,0.010222860383549826,0.03480768000000959
B=4,0.524,3.489830318585695,0.00920905452929842,0.03480768000000959
B=4,0.6,3.3919709727339824,0.010764260295468795,0.03480768000000959
B=4,0.672,3.2998850167964995,0.01144380547182747,0.03480768000000959
B=4,0.748,3.226117524357512,0.010463978348161098,0.03480768000000959
B=4,0.8240000000000001,3.155658575524536,0.009887489109648375,0.03480768000000959
B=4,0.9,3.076622105733854,0.008368574263952487,0.03480768000000959
B=4,0.972,3.0150626314228917,0.008449255495825581,0.03480768000000959
B=4,1.048,2.950314455687282,0.007976004100536888,0.03480768000000959
B=4,1.124,2.8842398299193928,0.010585811308046238,0.03480768000000959
B=4,1.2,2.8264233804644054,0.012541085273446754,0.03480768000000959
B=4,1.272,2.772941701651635,0.013156379064168841,0.03480768000000959
B=4,1.348,2.71827119901706,0.016011600818475916,0.03480768000000959
B=4,1.424,2.663827228089822,0.0176594618087621,0.03480768000000959
B=4,1.5,2.6083587736270646,0.01885144913807375,0.03480768000000959
B=4,1.572,2.562766285170735,0.019136137919575243,0.03480768000000959
B=4,1.6480000000000001,2.51274818445114,0.01975828420056223,0.03480768000000959
B=4,1.724,2.4691165295193898,0.01992218103866122,0.03480768000000959
B=4,1.8,2.4160761559523207,0.019704734087112874,0.03480768000000959
B=4,1.872,2.3700675582866615,0.01629245030165086,0.03480768000000959
B=4,1.948,2.3232386557897278,0.018040072127890352,0.03480768000000959
B=4,2.024,2.2819001075940677,0.016903514053910863,0.03480768000000959
B=4,2.1,2.228237201013473,0.016674991041317436,0.03480768000000959
B=4,2.172,2.1851339142757493,0.018374236492206264,0.03480768000000959
B=4,2.248,2.1325257069439076,0.017164733276476097,0.03480768000000959
B=4,2.324,2.09608419070743,0.020462769828565534,0.03480768000000959
B=4,2.4,2.0533098610732408,0.023747596523123814,0.03480768000000959
B=4,2.472,2.020627660569027,0.02235960266547624,0.03480768000000959
B=4,2.548,1.9770448844834192,0.022923732455476704,0.03480768000000959
B=4,2.624,1.9321853722750866,0.025534450099188585,0.03480768000000959
B=4,2.7,1.8948625376244395,0.027732519580497272,0.03480768000000959
B=4,2.7720000000000002,1.8654044742560876,0.02800791376280193,0.03480768000000959
B=4,2.848,1.8397845445958125,0.02809867604089493,0.03480768000000959
B=4,2.924,1.819278858102298,0.026574564958187198,0.03480768000000959
B=4,3.0,1.7811077636642176,0.02732948120290092,0.03480768000000959
B=4,3.072,1.7482143206260239,0.030449023666650275,0.03480768000000959
B=4,3.148,1.709547922925675,0.030108446647501962,0.03480768000000959
B=4,3.224,1.6780640421448698,0.02981160054076714,0.03480768000000959
B=4,3.3000000000000003,1.6373381640528017,0.02891901759271752,0.03480768000000959
B=4,3.372,1.6090271302700467,0.029583549248169215,0.03480768000000959
B=4,3.448,1.585501432895352,0.02922921620236028,0.03480768000000959
B=4,3.524,1.5480315388214094,0.030726278269257275,0.03480768000000959
B=4,3.6,1.5136866484017302,0.030219943609728055,0.03480768000000959
B=4,3.672,1.48545028651486,0.02913551900051276,0.03480768000000959
B=4,3.748,1.4658239185185973,0.029371463186333265,0.03480768000000959
B=4,3.8240000000000003,1.4392915527051788,0.025915936641412216,0.03480768000000959
B=4,3.9,1.4115978968916028,0.026326617584086717,0.03480768000000959
B=4,3.972,1.3901183522927394,0.028968811480439536,0.03480768000000959
B=4,4.048,1.3671491938971216,0.03232671530355547,0.03480768000000959
B=4,4.124,1.3404085031936583,0.03171786861091309,0.03480768000000959
B=4,4.2,1.3102754780895032,0.03427290010991316,0.03480768000000959
B=4,4.272,1.2853440219494363,0.03473095885228991,0.03480768000000959
B=4,4.348,1.257381179510925,0.034262492603521814,0.03480768000000959
B=4,4.424,1.229071451985209,0.03280289650120807,0.03480768000000959
B=4,4.5,1.2074908272296978,0.03130782796806249,0.03480768000000959
B=4,4.572,1.1877782894165916,0.0320440329412462,0.03480768000000959
B=4,4.648,1.1551491062014116,0.03148300835111515,0.03480768000000959
B=4,4.724,1.1295971514456424,0.029405166272741232,0.03480768000000959
B=4,4.8,1.1164540396578182,0.028670574515298308,0.03480768000000959
B=4,4.872,1.1035228797277765,0.0308991054079481,0.03480768000000959
B=4,4.948,1.0685405369459287,0.027829537831131804,0.03480768000000959
B=4,5.024,1.0407762925870752,0.0252159321528817,0.03480768000000959
B=4,5.1000000000000005,1.020793377180138,0.026610694291073617,0.03480768000000959
B=4,5.172,1.0014949665656772,0.028495315242820948,0.03480768000000959
B=4,5.248,0.9791794561726622,0.027174827245360005,0.03480768000000959
B=4,5.324,0.9721297529900925,0.02562327222880709,0.03480768000000959
B=4,5.4,0.9508541229911184,0.02750065769228196,0.03480768000000959
B=4,5.472,0.9363111241479174,0.026969977793461105,0.03480768000000959
B=4,5.548,0.9076620963727103,0.028033045750942728,0.03480768000000959
B=4,5.6240000000000006,0.8830732000027415,0.030513837905016432,0.03480768000000959
B=4,5.7,0.865888374737673,0.03144618406267425,0.03480768000000959
B=4,5.772,0.8432913841951962,0.02887805591587953,0.03480768000000959
B=4,5.848,0.8337976875360521,0.030182405964030237,0.03480768000000959
B=4,5.924,0.8225719792994782,0.02859619114107321,0.03480768000000959
B=4,6.0,0.8121225575093985,0.02811869155856938,0.03480768000000959
B=16,0.0,4.735936467133886,0.003802613342992938,0.03491761491666997
B=16,0.07200000000000001,4.452553955449132,0.004550017296982564,0.03491761491666997
B=16,0.148,4.216383692636784,0.008459709819196673,0.03491761491666997
B=16,0.224,4.020613307165523,0.006270675647469409,0.03491761491666997
B=16,0.3,3.8640792767757244,0.007659371444897549,0.03491761491666997
B=16,0.372,3.732679376087834,0.009151925876293762,0.03491761491666997
B=16,0.448,3.6150801387324614,0.00974578396860478,0.03491761491666997
B=16,0.524,3.509862303071363,0.010019524937560018,0.03491761491666997
B=16,0.6,3.405311994538491,0.010910597733680269,0.03491761491666997
B=16,0.672,3.3259975606712775,0.012397606335000026,0.03491761491666997
B=16,0.748,3.247114939691164,0.011222059986888673,0.03491761491666997
B=16,0.8240000000000001,3.162248508236001,0.013882570439216507,0.03491761491666997
B=16,0.9,3.094234048666851,0.018458374949927126,0.03491761491666997
B=16,0.972,3.0405441522796375,0.016993505946581583,0.03491761491666997
B=16,1.048,2.9728480682091796,0.020097723792994262,0.03491761491666997
B=16,1.124,2.905423213549694,0.020676084016902702,0.03491761491666997
B=16,1.2,2.8389781404225674,0.016686753845328684,0.03491761491666997
B=16,1.272,2.784761080429339,0.01731050809499991,0.03491761491666997
B=16,1.348,2.7290497836556185,0.01835177901466793,0.03491761491666997
B=16,1.424,2.6717678218583987,0.021065721987537027,0.03491761491666997
B=16,1.5,2.611504096919043,0.02046251272765092,0.03491761491666997
B=16,1.572,2.563054859066519,0.020679437382783737,0.03491761491666997
B=16,1.6480000000000001,2.5104911219590798,0.02110552802403586,0.03491761491666997
B=16,1.724,2.4640427265154057,0.017030351133261082,0.03491761491666997
B=16,1.8,2.419863081101031,0.018722338330611127,0.03491761491666997
B=16,1.872,2.3726982793507845,0.019138138620657445,0.03491761491666997
B=16,1.948,2.3212501912906407,0.020363343393233455,0.03491761491666997
B=16,2.024,2.275865304928245,0.017565561194504812,0.03491761491666997
B=16,2.1,2.2332663672450854,0.017446529558980087,0.03491761491666997
B=16,2.172,2.185901730998203,0.017715286477404706,0.03491761491666997
B=16,2.248,2.1357945806101215,0.018926003755626954,0.03491761491666997
B=16,2.324,2.1078428794159594,0.01870768247537385,0.03491761491666997
B=16,2.4,2.064335998588394,0.018377514362168106,0.03491761491666997
B=16,2.472,2.026944624359617,0.01839168009271114,0.03491761491666997
B=16,2.548,1.9875137369813114,0.020391496220811465,0.03491761491666997
B=16,2.624,1.955442513640047,0.020442588449076326,0.03491761491666997
B=16,2.7,1.9150127350490136,0.021670329073986236,0.03491761491666997
B=16,2.7720000000000002,1.878706984206648,0.022972324703658384,0.03491761491666997
B=16,2.848,1.834794377045803,0.02229038758128179,0.03491761491666997
B=16,2.924,1.804179615871073,0.024239902248808322,0.03491761491666997
B=16,3.0,1.7550905329284925,0.02250139053133837,0.03491761491666997
B=16,3.072,1.726918859637549,0.021778393861587655,0.03491761491666997
B=16,3.148,1.6938960741000415,0.02226249473955345,0.03491761491666997
B=16,3.224,1.6553797020952614,0.022390999333120633,0.03491761491666997
B=16,3.3000000000000003,1.635668349818371,0.022775665065518005,0.03491761491666997
B=16,3.372,1.607146037725167,0.022477902875278358,0.03491761491666997
B=16,3.448,1.5754315654503714,0.024352615539943244,0.03491761491666997
B=16,3.524,1.536938114484081,0.024050592153121532,0.03491761491666997
B=16,3.6,1.505964235933813,0.022788935878686765,0.03491761491666997
B=16,3.672,1.4773599231840877,0.022925096473650625,0.03491761491666997
B=16,3.748,1.439505967043082,0.02353361900636133,0.03491761491666997
B=16,3.8240000000000003,1.4228385676140125,0.025462984310375945,0.03491761491666997
B=16,3.9,1.3943453101997478,0.025198272422668793,0.03491761491666997
B=16,3.972,1.3539648588023476,0.024300178197909538,0.03491761491666997
B=16,4.048,1.3260469380308013,0.0253799148087773,0.03491761491666997
B=16,4.124,1.293478092289,0.025545897559088055,0.03491761491666997
B=16,4.2,1.2679290202342266,0.027173853814294442,0.03491761491666997
B=16,4.272,1.2464345781470179,0.028667178524584117,0.03491761491666997
B=16,4.348,1.2190218781022022,0.027237696388563083,0.03491761491666997
B=16,4.424,1.1996180401431316,0.02826630734408615,0.03491761491666997
B=16,4.5,1.1653880642921888,0.02921539077169758,0.03491761491666997
B=16,4.572,1.1473674117499681,0.028508208388797265,0.03491761491666997
B=16,4.648,1.1330253243842812,0.02706474121924063,0.03491761491666997
B=16,4.724,1.1033879571924166,0.02711648956432933,0.03491761491666997
B=16,4.8,1.0868175525066492,0.02730154548341782,0.03491761491666997
B=16,4.872,1.0667858909548178,0.025909800177411745,0.03491761491666997
B=16,4.948,1.0433370834138913,0.024563697227853322,0.03491761491666997
B=16,5.024,1.0209513166883528,0.024795476930867276,0.03491761491666997
B=16,5.1000000000000005,0.9963230082634951,0.024654226376262675,0.03491761491666997
B=16,5.172,0.9775968111344397,0.024215480373934985,0.03491761491666997
B=16,5.248,0.9565888450092768,0.025142565410005976,0.03491761491666997
B=16,5.324,0.9288004608845583,0.02391506260756045,0.03491761491666997
B=16,5.4,0.9046036414806171,0.024528638752107305,0.03491761491666997
B=16,5.472,0.8898161406006527,0.023349909563828746,0.03491761491666997
B=16,5.548,0.8658716879594236,0.025210288320964794,0.03491761491666997
B=16,5.6240000000000006,0.8393551072614164,0.02419302373930977,0.03491761491666997
B=16,5.7,0.8201431840055579,0.024855795749655577,0.03491761491666997
B=16,5.772,0.8073747021602087,0.024762864368269105,0.03491761491666997
B=16,5.848,0.794593238169358,0.025708169310184135,0.03491761491666997
B=16,5.924,0.782975191235968,0.025770145868052933,0.03491761491666997
B=16,6.0,0.7663130383222868,0.02809278242342141,0.03491761491666997
full empirical drift,0.0,4.7334669660915205,0.004078702296226151,0.034581358000006425
full empirical drift,0.07200000000000001,4.449534917814124,0.006850233584520049,0.034581358000006425
full empirical drift,0.148,4.214258675308367,0.007668426895521688,0.034581358000006425
full empirical drift,0.224,4.0186767903446725,0.005444891179246884,0.034581358000006425
full empirical drift,0.3,3.855823658064629,0.006216459079841777,0.034581358000006425
full empirical drift,0.372,3.7202090029890704,0.006156319175496051,0.034581358000006425
full empirical drift,0.448,3.6000534786004086,0.005546018603702012,0.034581358000006425
full empirical drift,0.524,3.495844799329675,0.005893851364112394,0.034581358000006425
full empirical drift,0.6,3.401060928420721,0.0059666724715049515,0.034581358000006425
full empirical drift,0.672,3.316908293188168,0.006496783658098526,0.034581358000006425
full empirical drift,0.748,3.2371331257809977,0.009008731383082707,0.034581358000006425
full empirical drift,0.8240000000000001,3.170136021109935,0.010670728406766061,0.034581358000006425
full empirical drift,0.9,3.090526517738147,0.012896335329924409,0.034581358000006425
full empirical drift,0.972,3.0196716936285704,0.011837137025857824,0.034581358000006425
full empirical drift,1.048,2.9578132427196766,0.011771142101696542,0.034581358000006425
full empirical drift,1.124,2.8896117098110943,0.011468539794380743,0.034581358000006425
full empirical drift,1.2,2.837257525486198,0.012444339091819889,0.034581358000006425
full empirical drift,1.272,2.7759706184400503,0.01459607173656338,0.034581358000006425
full empirical drift,1.348,2.716409208289467,0.013185869078431,0.034581358000006425
full empirical drift,1.424,2.6588640857130534,0.013010954810718338,0.034581358000006425
full empirical drift,1.5,2.607493664530533,0.013141555907734793,0.034581358000006425
full empirical drift,1.572,2.5491642108810777,0.015173710667091342,0.034581358000006425
full empirical drift,1.6480000000000001,2.4908618253956627,0.01619610984373318,0.034581358000006425
full empirical drift,1.724,2.440033183326605,0.016350236176922828,0.034581358000006425
full empirical drift,1.8,2.388190127317831,0.018438855274296007,0.034581358000006425
full empirical drift,1.872,2.340223802715081,0.01834982471449502,0.034581358000006425
full empirical drift,1.948,2.2927860275925718,0.020765305521356258,0.034581358000006425
full empirical drift,2.024,2.249822835125571,0.01928531560765669,0.034581358000006425
full empirical drift,2.1,2.207419338196794,0.020799056841708095,0.034581358000006425
full empirical drift,2.172,2.168779006703979,0.02289085177908404,0.034581358000006425
full empirical drift,2.248,2.123732984254653,0.02237947120644594,0.034581358000006425
full empirical drift,2.324,2.0856778434873076,0.021964730745355893,0.034581358000006425
full empirical drift,2.4,2.0466241838758323,0.02269128489390997,0.034581358000006425
full empirical drift,2.472,2.005979313824356,0.024536899900321638,0.034581358000006425
full empirical drift,2.548,1.973028832871527,0.02198377833470933,0.034581358000006425
full empirical drift,2.624,1.9333565835946604,0.021001057838730484,0.034581358000006425
full empirical drift,2.7,1.8987276245647509,0.022480526467791043,0.034581358000006425
full empirical drift,2.7720000000000002,1.8538334883740821,0.02055329924975915,0.034581358000006425
full empirical drift,2.848,1.821047077438634,0.020437076501339777,0.034581358000006425
full empirical drift,2.924,1.786582925526591,0.020388815639060757,0.034581358000006425
full empirical drift,3.0,1.7604437893751375,0.020696003292003398,0.034581358000006425
full empirical drift,3.072,1.738965735520458,0.022650734660606662,0.034581358000006425
full empirical drift,3.148,1.7124892621103367,0.024065225560180363,0.034581358000006425
full empirical drift,3.224,1.6751807511086996,0.023685271774883526,0.034581358000006425
full empirical drift,3.3000000000000003,1.6449204395719268,0.026401102259912424,0.034581358000006425
full empirical drift,3.372,1.6266495466254964,0.027002860916199127,0.034581358000006425
full empirical drift,3.448,1.5917401335750525,0.024215307340427025,0.034581358000006425
full empirical drift,3.524,1.5674730388356433,0.022497196058758176,0.034581358000006425
full empirical drift,3.6,1.5375958238710064,0.023884782393922877,0.034581358000006425
full empirical drift,3.672,1.5098779173916097,0.025536760889877982,0.034581358000006425
full empirical drift,3.748,1.473082368887906,0.028610567041284916,0.034581358000006425
full empirical drift,3.8240000000000003,1.4453907975010574,0.02776794021264687,0.034581358000006425
full empirical drift,3.9,1.4154384825000483,0.0278378552568953,0.034581358000006425
full empirical drift,3.972,1.3900459017562492,0.02873669847374217,0.034581358000006425
full empirical drift,4.048,1.3579733428309622,0.028686001586730053,0.034581358000006425
full empirical drift,4.124,1.3347988870195844,0.028784726031375663,0.034581358000006425
full empirical drift,4.2,1.302031815036739,0.025886991312593637,0.034581358000006425
full empirical drift,4.272,1.2870973744273484,0.02566474058630936,0.034581358000006425
full empirical drift,4.348,1.2617159325147786,0.02247498155639597,0.034581358000006425
full empirical drift,4.424,1.2403427485069085,0.024558812537291384,0.034581358000006425
full empirical drift,4.5,1.2178619516188791,0.024247200868822878,0.034581358000006425
full empirical drift,4.572,1.1867081984837935,0.02306312200325801,0.034581358000006425
full empirical drift,4.648,1.1657320431109695,0.01853319431668952,0.034581358000006425
full empirical drift,4.724,1.1517349062198377,0.019829053203494568,0.034581358000006425
full empirical drift,4.8,1.1375476902935446,0.019856152044402435,0.034581358000006425
full empirical drift,4.872,1.1241796053164737,0.02098253708496577,0.034581358000006425
full empirical drift,4.948,1.0957167473822989,0.02471904252627166,0.034581358000006425
full empirical drift,5.024,1.078206600044423,0.026085682285444407,0.034581358000006425
full empirical drift,5.1000000000000005,1.0466037198314548,0.02130607093250655,0.034581358000006425
full empirical drift,5.172,1.0271045825468104,0.0222271292188303,0.034581358000006425
full empirical drift,5.248,1.0126319371487786,0.023168138943366154,0.034581358000006425
full empirical drift,5.324,0.9826033205463163,0.021659041342094017,0.034581358000006425
full empirical drift,5.4,0.9638902805134151,0.025229602107172226,0.034581358000006425
full empirical drift,5.472,0.9450528425403457,0.02509951029902997,0.034581358000006425
full empirical drift,5.548,0.9310696359354635,0.02574335409813611,0.034581358000006425
full empirical drift,5.6240000000000006,0.9156339987685238,0.024964735178397375,0.034581358000006425
full empirical drift,5.7,0.8894944123094425,0.024588996568834398,0.034581358000006425
full empirical drift,5.772,0.877484602370313,0.024952633159855745,0.034581358000006425
full empirical drift,5.848,0.8515846116084516,0.023523251319981037,0.034581358000006425
full empirical drift,5.924,0.8365739145319935,0.022184396873041006,0.034581358000006425
full empirical drift,6.0,0.8172125587822091,0.02038174105426405,0.034581358000006425
